util_std_mean,util_std_pre,util_std_post,max_util_mean,max_util_post,overload_events,overload_events_pre,overload_events_post,migrations,seed,policy
0.2655314321727903,0.35779177299578396,0.1732710913497966,1.015803005652648,1.0766446263501044,61,8,53,24,100,First-Fit
0.26565897082177536,0.35786489958840134,0.17345304205514941,1.0256243195729733,1.0988295636750836,66,9,57,25,100,Best-Fit
0.23232086058168644,0.31902607726830085,0.1456156438950721,0.9340644531950183,1.0442872947354087,41,0,41,41,100,Predictive
0.29085694399068984,0.39776320573317475,0.18395068224820504,0.9679358960793576,1.003097126943613,37,3,34,26,101,First-Fit
0.296662551909965,0.3948282600831411,0.1984968437367888,0.974028183452743,1.0177821740902409,51,5,46,36,101,Best-Fit
0.25523589959875387,0.32449928862835,0.1859725105691577,0.9354664806039499,1.048186717024636,50,0,50,24,101,Predictive
0.2982924206402883,0.40383380576463973,0.19275103551593709,0.9949500096462578,1.0338753912267364,55,7,48,37,102,First-Fit
0.300312098972692,0.40562362222938114,0.1950005757160028,1.0044908210447665,1.0555947612798906,66,6,60,36,102,Best-Fit
0.26436902737383805,0.3212313877151874,0.20750666703248868,0.9536481175992617,1.105498020992412,88,0,88,15,102,Predictive
0.28702267268809517,0.3905071496975282,0.18353819567866222,0.9367074954036592,0.9473621939351614,23,4,19,21,103,First-Fit
0.2967425838817127,0.3905071496975282,0.20297801806589735,0.957320483445862,0.9885881700195672,33,4,29,30,103,Best-Fit
0.2486629968854383,0.35658024741060934,0.14074574636026743,0.8562954744636178,0.8656724551775599,4,0,4,19,103,Predictive
0.27483602234083093,0.380870241274413,0.16880180340724887,0.948548395787718,0.9521475334208279,23,6,17,22,104,First-Fit
0.2791789527443604,0.380870241274413,0.17748766421430764,0.952861021011194,0.9607727838677796,22,6,16,22,104,Best-Fit
0.23688553467855739,0.31021715271243894,0.16355391664467583,0.861813494632443,0.9458271712950946,15,0,15,34,104,Predictive
0.29663308022273893,0.3956700212337068,0.19759613921177102,0.9679866302653974,1.0051714855595386,37,4,33,29,105,First-Fit
0.30150808742269164,0.39588301597908326,0.2071331588663001,0.9735742605835481,1.0043017304463153,43,8,35,39,105,Best-Fit
0.2504950397705853,0.36130519186012433,0.1396848876810463,0.8789207626057418,0.9216086534181385,16,0,16,27,105,Predictive
0.3028432185381804,0.40968463305707103,0.19600180401928968,0.9232741686491929,0.9242191672014337,19,6,13,19,106,First-Fit
0.3163755173610421,0.4090307106154391,0.22372032410664505,0.9401373026696653,0.9664598366882108,28,3,25,27,106,Best-Fit
0.26434520153048563,0.35302391992300913,0.17566648313796218,0.8543854158318164,0.8769882091007785,4,0,4,25,106,Predictive
0.289201742011528,0.4015143284654787,0.17688915555757737,0.9453065244050793,0.9731285208396313,27,3,24,25,107,First-Fit
0.29553998923186536,0.4015143284654787,0.1895656499982521,0.9638752992024917,1.010266070434456,37,3,34,25,107,Best-Fit
0.22610768499348097,0.3232451247415586,0.1289702452454034,0.8599035956996414,0.8707256903433834,6,0,6,29,107,Predictive
0.27726746851830525,0.3642376390956164,0.19029729794099415,0.9119407944099646,0.9630577103832529,29,4,25,26,108,First-Fit
0.27354264796006916,0.3642376390956164,0.1828476568245219,0.903608925510209,0.9463939725837418,24,4,20,23,108,Best-Fit
0.25223944644224366,0.3517349107271533,0.15274398215733406,0.8541794015011287,0.8939323892854538,5,0,5,32,108,Predictive
0.29146595346425525,0.3871739439332946,0.1957579629952159,0.9572072924903531,0.9980913615832822,35,5,30,26,109,First-Fit
0.2953970021403729,0.3871739439332946,0.2036200603474513,0.9568682599962958,0.9974132965951671,38,5,33,28,109,Best-Fit
0.23752160580685133,0.3294062940734236,0.1456369175402791,0.8909831822581522,0.9226480947235692,10,0,10,31,109,Predictive
